{
    "root_group": {
        "name": "",
        "path": "",
        "id": "d41d8cd98f00b204e9800998ecf8427e",
        "groups": {},
        "checks": {
                "GET /habits 200": {
                    "path": "::GET /habits 200",
                    "id": "b360bd55774db7e4fe8bdfaf42fddbff",
                    "passes": 10788,
                    "fails": 0,
                    "name": "GET /habits 200"
                },
                "GET /groups 200": {
                    "name": "GET /groups 200",
                    "path": "::GET /groups 200",
                    "id": "b8c2c811bf1619c62c884de664986b68",
                    "passes": 10788,
                    "fails": 0
                },
                "WS handshake 101": {
                    "fails": 1127,
                    "name": "WS handshake 101",
                    "path": "::WS handshake 101",
                    "id": "0927bf1059e8043c8b8e78b400229e01",
                    "passes": 2896
                }
            }
    },
    "metrics": {
        "iterations": {
            "count": 14811,
            "rate": 25.958227393141986
        },
        "http_req_blocked": {
            "p(90)": 0.0005595,
            "p(95)": 0.000772,
            "avg": 0.20166017213570353,
            "min": 0.000075,
            "med": 0.000251,
            "max": 128.878629
        },
        "vus_max": {
            "min": 1050,
            "max": 1062,
            "value": 1062
        },
        "ws_dropped_rate": {
            "passes": 1127,
            "fails": 3537,
            "thresholds": {
                "rate<0.10": true
            },
            "value": 0.24163807890222985
        },
        "vus": {
            "value": 2,
            "min": 2,
            "max": 1059
        },
        "iteration_duration": {
            "max": 143440.388124,
            "p(90)": 91452.249355,
            "p(95)": 106950.561772,
            "avg": 21754.855401126526,
            "min": 179.537394,
            "med": 1899.627926
        },
        "ws_connecting": {
            "p(95)": 30226.98805295,
            "avg": 10998.668678406335,
            "min": 179.373073,
            "med": 2733.682111,
            "max": 31132.768418,
            "p(90)": 30208.8944218
        },
        "http_req_duration{expected_response:true}": {
            "med": 268.87679,
            "max": 2963.897325,
            "p(90)": 857.88112,
            "p(95)": 1044.6914375000001,
            "avg": 408.97527356039274,
            "min": 135.970012
        },
        "ws_msgs_sent": {
            "count": 32152,
            "rate": 56.35061286505307
        },
        "http_req_duration": {
            "p(90)": 857.88112,
            "p(95)": 1044.6914375000001,
            "avg": 408.97527356039274,
            "min": 135.970012,
            "med": 268.87679,
            "max": 2963.897325,
            "thresholds": {
                "p(95)<800": true,
                "p(99)<2000": false
            }
        },
        "ws_connect_time": {
            "avg": 4900.577042691547,
            "min": 548,
            "med": 860,
            "max": 28099,
            "p(90)": 16904,
            "p(95)": 19817.399999999998,
            "thresholds": {
                "p(95)<2000": true
            }
        },
        "http_req_tls_handshaking": {
            "med": 0,
            "max": 97.085909,
            "p(90)": 0,
            "p(95)": 0,
            "avg": 0.10742932902298849,
            "min": 0
        },
        "http_req_receiving": {
            "max": 1227.912186,
            "p(90)": 102.103226,
            "p(95)": 120.522337,
            "avg": 44.17590920193693,
            "min": 0.021814,
            "med": 22.212334
        },
        "dropped_iterations": {
            "count": 12,
            "rate": 0.02103157982024872
        },
        "ws_session_duration": {
            "med": 80954.400087,
            "max": 143440.281697,
            "p(90)": 114491.8636986,
            "p(95)": 119101.84278869997,
            "avg": 75216.01817856547,
            "min": 179.441358
        },
        "checks": {
            "passes": 24472,
            "fails": 1127,
            "thresholds": {
                "rate>0.95": false
            },
            "value": 0.9559748427672956
        },
        "http_reqs": {
            "count": 21576,
            "rate": 37.814780516807204
        },
        "data_sent": {
            "rate": 40912.39046115776,
            "count": 23343405
        },
        "ws_sessions": {
            "count": 4664,
            "rate": 8.174274023470003
        },
        "http_req_failed": {
            "passes": 0,
            "fails": 21576,
            "thresholds": {
                "rate<0.05": false
            },
            "value": 0
        },
        "data_received": {
            "count": 2978079205,
            "rate": 5219475.87591503
        },
        "http_req_connecting": {
            "avg": 0.09142765484797924,
            "min": 0,
            "med": 0,
            "max": 35.818744,
            "p(90)": 0,
            "p(95)": 0
        },
        "http_req_sending": {
            "min": 0.015873,
            "med": 0.051344,
            "max": 3.414803,
            "p(90)": 0.107714,
            "p(95)": 0.14407475,
            "avg": 0.0649519435483876
        },
        "http_req_waiting": {
            "avg": 364.734412414904,
            "min": 135.214491,
            "med": 221.19077950000002,
            "max": 2874.952272,
            "p(90)": 762.922924,
            "p(95)": 943.7485375
        },
        "ws_msgs_received": {
            "count": 11108,
            "rate": 19.468232386943566
        }
    }
}