{
    "root_group": {
        "id": "d41d8cd98f00b204e9800998ecf8427e",
        "groups": {},
        "checks": {
                "GET /habits 200": {
                    "name": "GET /habits 200",
                    "path": "::GET /habits 200",
                    "id": "b360bd55774db7e4fe8bdfaf42fddbff",
                    "passes": 10795,
                    "fails": 0
                },
                "GET /groups 200": {
                    "fails": 0,
                    "name": "GET /groups 200",
                    "path": "::GET /groups 200",
                    "id": "b8c2c811bf1619c62c884de664986b68",
                    "passes": 10795
                },
                "WS handshake 101": {
                    "fails": 0,
                    "name": "WS handshake 101",
                    "path": "::WS handshake 101",
                    "id": "0927bf1059e8043c8b8e78b400229e01",
                    "passes": 334
                }
            },
        "name": "",
        "path": ""
    },
    "metrics": {
        "iterations": {
            "count": 11129,
            "rate": 19.54984970320628
        },
        "checks": {
            "passes": 21924,
            "fails": 0,
            "thresholds": {
                "rate>0.95": false
            },
            "value": 1
        },
        "vus": {
            "max": 140,
            "value": 3,
            "min": 3
        },
        "http_req_failed": {
            "passes": 0,
            "fails": 21590,
            "thresholds": {
                "rate<0.05": false
            },
            "value": 0
        },
        "ws_connect_time": {
            "min": 581,
            "med": 722,
            "max": 1318,
            "p(90)": 847,
            "p(95)": 894,
            "avg": 737.2987654320988,
            "thresholds": {
                "p(95)<2000": false
            }
        },
        "ws_sessions": {
            "count": 405,
            "rate": 0.7114465926676741
        },
        "http_req_tls_handshaking": {
            "min": 0,
            "med": 0,
            "max": 66.890986,
            "p(90)": 0,
            "p(95)": 0,
            "avg": 0.09605647767484948
        },
        "data_received": {
            "count": 2959209374,
            "rate": 5198319.5706729395
        },
        "ws_msgs_received": {
            "count": 1420,
            "rate": 2.49445471997061
        },
        "vus_max": {
            "value": 156,
            "min": 150,
            "max": 156
        },
        "iteration_duration": {
            "avg": 4291.823308802953,
            "min": 1326.655355,
            "med": 1586.580761,
            "max": 120741.962353,
            "p(90)": 2050.6738204000007,
            "p(95)": 2370.2362812
        },
        "http_reqs": {
            "count": 21590,
            "rate": 37.92625169307428
        },
        "ws_connecting": {
            "med": 722.718318,
            "max": 1317.90469,
            "p(90)": 844.9903058000001,
            "p(95)": 892.5086837999999,
            "avg": 736.3610160320993,
            "min": 580.887976
        },
        "http_req_waiting": {
            "med": 172.589756,
            "max": 2638.582105,
            "p(90)": 604.7279871000009,
            "p(95)": 760.7619279499999,
            "avg": 291.23314458073224,
            "min": 134.544708
        },
        "http_req_connecting": {
            "med": 0,
            "max": 52.539934,
            "p(90)": 0,
            "p(95)": 0,
            "avg": 0.08507956410375174,
            "min": 0
        },
        "http_req_duration{expected_response:true}": {
            "p(90)": 671.7808518000003,
            "p(95)": 825.9413225499999,
            "avg": 321.7437387078732,
            "min": 134.637848,
            "med": 203.58809250000002,
            "max": 2679.691549
        },
        "ws_session_duration": {
            "p(95)": 116338.0130464,
            "avg": 89860.13802471862,
            "min": 60891.768033,
            "med": 91487.574549,
            "max": 120741.705479,
            "p(90)": 114115.3032689
        },
        "http_req_duration": {
            "med": 203.58809250000002,
            "max": 2679.691549,
            "p(90)": 671.7808518000003,
            "p(95)": 825.9413225499999,
            "avg": 321.7437387078732,
            "min": 134.637848,
            "thresholds": {
                "p(99)<2000": false,
                "p(95)<800": true
            }
        },
        "ws_msgs_sent": {
            "count": 3740,
            "rate": 6.569901868091607
        },
        "data_sent": {
            "count": 11027458,
            "rate": 19371.475110829342
        },
        "dropped_iterations": {
            "count": 6,
            "rate": 0.010539949521002578
        },
        "http_req_blocked": {
            "min": 0.000083,
            "med": 0.000253,
            "max": 111.492491,
            "p(90)": 0.00062,
            "p(95)": 0.000815,
            "avg": 0.18388023997220587
        },
        "ws_dropped_rate": {
            "passes": 0,
            "fails": 405,
            "thresholds": {
                "rate<0.10": false
            },
            "value": 0
        },
        "http_req_sending": {
            "avg": 0.06985009610930935,
            "min": 0.011577,
            "med": 0.05355,
            "max": 1.016887,
            "p(90)": 0.1253547,
            "p(95)": 0.1586517999999999
        },
        "http_req_receiving": {
            "avg": 30.440744031033166,
            "min": 0.019453,
            "med": 22.138002999999998,
            "max": 1032.848995,
            "p(90)": 75.93425880000002,
            "p(95)": 90.4005488
        }
    }
}