{
    "root_group": {
        "name": "",
        "path": "",
        "id": "d41d8cd98f00b204e9800998ecf8427e",
        "groups": {},
        "checks": {
                "GET /habits 200": {
                    "passes": 10795,
                    "fails": 0,
                    "name": "GET /habits 200",
                    "path": "::GET /habits 200",
                    "id": "b360bd55774db7e4fe8bdfaf42fddbff"
                },
                "GET /groups 200": {
                    "id": "b8c2c811bf1619c62c884de664986b68",
                    "passes": 10795,
                    "fails": 0,
                    "name": "GET /groups 200",
                    "path": "::GET /groups 200"
                },
                "WS handshake 101": {
                    "passes": 340,
                    "fails": 0,
                    "name": "WS handshake 101",
                    "path": "::WS handshake 101",
                    "id": "0927bf1059e8043c8b8e78b400229e01"
                }
            }
    },
    "metrics": {
        "http_req_waiting": {
            "avg": 297.1080037853189,
            "min": 135.298998,
            "med": 173.28046,
            "max": 2492.398162,
            "p(90)": 626.4318964000001,
            "p(95)": 764.4286159499997
        },
        "ws_dropped_rate": {
            "passes": 8,
            "fails": 408,
            "thresholds": {
                "rate<0.10": false
            },
            "value": 0.019230769230769232
        },
        "ws_connecting": {
            "min": 582.260201,
            "med": 720.1721924999999,
            "max": 1716.350678,
            "p(90)": 875.6306197,
            "p(95)": 931.3213767,
            "avg": 741.1471840637258
        },
        "ws_session_duration": {
            "max": 120556.097188,
            "p(90)": 114554.0913706,
            "p(95)": 117669.40877655,
            "avg": 87885.55025813823,
            "min": 40726.055787,
            "med": 87433.808879
        },
        "http_reqs": {
            "count": 21590,
            "rate": 37.91390613729336
        },
        "iterations": {
            "count": 11135,
            "rate": 19.554022456635554
        },
        "data_sent": {
            "count": 11031920,
            "rate": 19373.00506688881
        },
        "vus": {
            "value": 1,
            "min": 1,
            "max": 142
        },
        "ws_connect_time": {
            "avg": 741.5514705882352,
            "min": 582,
            "med": 720,
            "max": 1716,
            "p(90)": 876.6,
            "p(95)": 932,
            "thresholds": {
                "p(95)<2000": false
            }
        },
        "checks": {
            "passes": 21930,
            "fails": 0,
            "thresholds": {
                "rate>0.95": false
            },
            "value": 1
        },
        "http_req_duration": {
            "avg": 337.21997543172927,
            "min": 136.01352,
            "med": 208.243183,
            "max": 2607.667071,
            "p(90)": 707.5691738000002,
            "p(95)": 847.2838871499999,
            "thresholds": {
                "p(95)<800": true,
                "p(99)<2000": false
            }
        },
        "data_received": {
            "count": 2959229742,
            "rate": 5196663.208748257
        },
        "http_req_connecting": {
            "p(90)": 0,
            "p(95)": 0,
            "avg": 0.08753997503473827,
            "min": 0,
            "med": 0,
            "max": 50.006502
        },
        "ws_msgs_sent": {
            "count": 3688,
            "rate": 6.476446773243998
        },
        "http_req_duration{expected_response:true}": {
            "avg": 337.21997543172927,
            "min": 136.01352,
            "med": 208.243183,
            "max": 2607.667071,
            "p(90)": 707.5691738000002,
            "p(95)": 847.2838871499999
        },
        "http_req_receiving": {
            "p(95)": 103.33731064999998,
            "avg": 40.050917835340385,
            "min": 0.024827,
            "med": 24.0529565,
            "max": 1031.929554,
            "p(90)": 93.94855500000003
        },
        "vus_max": {
            "value": 155,
            "min": 150,
            "max": 155
        },
        "ws_sessions": {
            "count": 408,
            "rate": 0.7164832655866462
        },
        "iteration_duration": {
            "med": 1631.565861,
            "max": 120556.194646,
            "p(90)": 2073.9132878,
            "p(95)": 2328.701637599999,
            "avg": 4307.703027720878,
            "min": 1329.629909
        },
        "http_req_blocked": {
            "avg": 0.18620423793422475,
            "min": 0.000086,
            "med": 0.000235,
            "max": 133.342567,
            "p(90)": 0.000466,
            "p(95)": 0.000666
        },
        "http_req_sending": {
            "max": 2.546939,
            "p(90)": 0.09445130000000007,
            "p(95)": 0.12351579999999994,
            "avg": 0.061053811069939706,
            "min": 0.015163,
            "med": 0.049493
        },
        "dropped_iterations": {
            "rate": 0.008780432176306939,
            "count": 5
        },
        "http_req_failed": {
            "passes": 0,
            "fails": 21590,
            "thresholds": {
                "rate<0.05": false
            },
            "value": 0
        },
        "http_req_tls_handshaking": {
            "p(95)": 0,
            "avg": 0.09471545868457619,
            "min": 0,
            "med": 0,
            "max": 48.353092,
            "p(90)": 0
        },
        "ws_msgs_received": {
            "count": 1412,
            "rate": 2.47959404658908
        }
    }
}