{
    "root_group": {
        "name": "",
        "path": "",
        "id": "d41d8cd98f00b204e9800998ecf8427e",
        "groups": {},
        "checks": {
                "GET /habits 200": {
                    "passes": 10789,
                    "fails": 0,
                    "name": "GET /habits 200",
                    "path": "::GET /habits 200",
                    "id": "b360bd55774db7e4fe8bdfaf42fddbff"
                },
                "GET /groups 200": {
                    "id": "b8c2c811bf1619c62c884de664986b68",
                    "passes": 10789,
                    "fails": 0,
                    "name": "GET /groups 200",
                    "path": "::GET /groups 200"
                },
                "WS handshake 101": {
                    "name": "WS handshake 101",
                    "path": "::WS handshake 101",
                    "id": "0927bf1059e8043c8b8e78b400229e01",
                    "passes": 2872,
                    "fails": 1087
                }
            }
    },
    "metrics": {
        "ws_dropped_rate": {
            "passes": 1087,
            "fails": 3520,
            "thresholds": {
                "rate<0.10": true
            },
            "value": 0.23594530062947688
        },
        "data_received": {
            "count": 2978048303,
            "rate": 5219066.492791756
        },
        "http_req_receiving": {
            "med": 25.144159000000002,
            "max": 1887.744319,
            "p(90)": 84.2697278,
            "p(95)": 97.12945325,
            "avg": 35.472550604087594,
            "min": 0.020884
        },
        "ws_connecting": {
            "avg": 11248.117244442612,
            "min": 417.381298,
            "med": 3004.304509,
            "max": 31296.415155,
            "p(90)": 30207.0403508,
            "p(95)": 30222.7049966
        },
        "http_req_failed": {
            "passes": 0,
            "fails": 21578,
            "thresholds": {
                "rate<0.05": false
            },
            "value": 0
        },
        "http_req_sending": {
            "min": 0.015228,
            "med": 0.046898999999999996,
            "max": 3.126757,
            "p(90)": 0.09594609999999998,
            "p(95)": 0.1293688999999999,
            "avg": 0.05799804972657346
        },
        "data_sent": {
            "count": 23190029,
            "rate": 40640.81270906408
        },
        "http_req_blocked": {
            "min": 0.000077,
            "med": 0.000267,
            "max": 151.82697,
            "p(90)": 0.000512,
            "p(95)": 0.000714,
            "avg": 0.2271315899527274
        },
        "http_req_duration{expected_response:true}": {
            "avg": 415.3007435088962,
            "min": 135.375175,
            "med": 257.3931425,
            "max": 2656.811842,
            "p(90)": 898.6110290999999,
            "p(95)": 1138.2598032999995
        },
        "ws_session_duration": {
            "avg": 76006.48130258343,
            "min": 417.420321,
            "med": 82198.043212,
            "max": 141967.775745,
            "p(90)": 115160.0649868,
            "p(95)": 119277.1270313
        },
        "http_req_waiting": {
            "avg": 379.77019485508356,
            "min": 135.262619,
            "med": 214.562082,
            "max": 2342.512745,
            "p(90)": 832.3565565999999,
            "p(95)": 1060.3140884
        },
        "http_req_duration": {
            "max": 2656.811842,
            "p(90)": 898.6110290999999,
            "p(95)": 1138.2598032999995,
            "avg": 415.3007435088962,
            "min": 135.375175,
            "med": 257.3931425,
            "thresholds": {
                "p(95)<800": true,
                "p(99)<2000": false
            }
        },
        "http_reqs": {
            "count": 21578,
            "rate": 37.815711943964565
        },
        "http_req_connecting": {
            "max": 68.725796,
            "p(90)": 0,
            "p(95)": 0,
            "avg": 0.10889701464454535,
            "min": 0,
            "med": 0
        },
        "vus_max": {
            "value": 1062,
            "min": 1050,
            "max": 1062
        },
        "ws_sessions": {
            "count": 4607,
            "rate": 8.073824493736433
        },
        "ws_msgs_received": {
            "count": 11070,
            "rate": 19.400311948266186
        },
        "iteration_duration": {
            "avg": 21742.944784170377,
            "min": 417.500588,
            "med": 1908.2771725,
            "max": 141967.8948,
            "p(90)": 92015.75805780002,
            "p(95)": 107161.75907809999
        },
        "checks": {
            "passes": 24450,
            "fails": 1087,
            "thresholds": {
                "rate>0.95": false
            },
            "value": 0.9574343109997259
        },
        "vus": {
            "value": 2,
            "min": 2,
            "max": 1059
        },
        "iterations": {
            "count": 14748,
            "rate": 25.846052449234843
        },
        "ws_msgs_sent": {
            "count": 31754,
            "rate": 55.64927783245208
        },
        "http_req_tls_handshaking": {
            "avg": 0.1117603921123366,
            "min": 0,
            "med": 0,
            "max": 77.945897,
            "p(90)": 0,
            "p(95)": 0
        },
        "ws_connect_time": {
            "max": 28128,
            "p(90)": 17812.4,
            "p(95)": 20250.749999999985,
            "avg": 5407.813920454545,
            "min": 567,
            "med": 971,
            "thresholds": {
                "p(95)<2000": true
            }
        },
        "dropped_iterations": {
            "count": 12,
            "rate": 0.02103014845340508
        }
    }
}