{
    "metrics": {
        "vus_max": {
            "value": 1200,
            "min": 1050,
            "max": 1200
        },
        "ws_msgs_received": {
            "count": 5188,
            "rate": 9.093321207316777
        },
        "http_req_duration{expected_response:true}": {
            "med": 4065.133667,
            "max": 40779.99526,
            "p(90)": 12577.18424,
            "p(95)": 17179.284497,
            "avg": 5740.46420055174,
            "min": 106.914023
        },
        "http_req_connecting": {
            "p(95)": 0,
            "avg": 0.4561395781767591,
            "min": 0,
            "med": 0,
            "max": 77.450125,
            "p(90)": 0
        },
        "http_req_tls_handshaking": {
            "p(95)": 0,
            "avg": 0.5236261417119387,
            "min": 0,
            "med": 0,
            "max": 173.128703,
            "p(90)": 0
        },
        "ws_dropped_rate": {
            "passes": 15169,
            "fails": 2092,
            "thresholds": {
                "rate<0.10": true
            },
            "value": 0.8788019234111581
        },
        "http_reqs": {
            "rate": 26.456166211110144,
            "count": 15094
        },
        "http_req_sending": {
            "min": 0.007748,
            "med": 0.061686000000000005,
            "max": 1.263332,
            "p(90)": 0.13458750000000005,
            "p(95)": 0.17369449999999997,
            "avg": 0.07700222512256508
        },
        "ws_connect_time": {
            "med": 19481.5,
            "max": 30271,
            "p(90)": 28232.4,
            "p(95)": 29370.6,
            "avg": 18228.934034416827,
            "min": 303,
            "thresholds": {
                "p(95)<2000": true
            }
        },
        "data_sent": {
            "rate": 86878.90012675959,
            "count": 49566899
        },
        "ws_connecting": {
            "med": 5900.99126,
            "max": 31128.505697,
            "p(90)": 24285.885089,
            "p(95)": 30150.704739,
            "avg": 9605.35404135193,
            "min": 292.906948
        },
        "http_req_failed": {
            "passes": 2813,
            "fails": 12281,
            "thresholds": {
                "rate<0.05": true
            },
            "value": 0.1863654432224725
        },
        "checks": {
            "passes": 13840,
            "fails": 17982,
            "thresholds": {
                "rate>0.95": true
            },
            "value": 0.434919238262837
        },
        "http_req_waiting": {
            "avg": 5605.014143894808,
            "min": 105.816928,
            "med": 4112.3981895,
            "max": 40726.379422,
            "p(90)": 12308.680330500007,
            "p(95)": 16740.182946549998
        },
        "dropped_iterations": {
            "count": 3254,
            "rate": 5.703482499731841
        },
        "http_req_duration": {
            "p(90)": 12350.174097000001,
            "p(95)": 16774.544617399995,
            "avg": 5624.240909054071,
            "min": 106.369646,
            "med": 4121.042987999999,
            "max": 40779.99526,
            "thresholds": {
                "p(95)<800": true,
                "p(99)<2000": true
            }
        },
        "iteration_duration": {
            "med": 7676.874512,
            "max": 149734.387925,
            "p(90)": 30172.3510394,
            "p(95)": 88752.74378489991,
            "avg": 15910.350451411998,
            "min": 293.018447
        },
        "http_req_receiving": {
            "avg": 19.14976293414609,
            "min": 0.008093,
            "med": 0.47541449999999996,
            "max": 4599.041367,
            "p(90)": 51.3497799,
            "p(95)": 54.992102749999994
        },
        "vus": {
            "value": 1,
            "min": 1,
            "max": 1200
        },
        "iterations": {
            "count": 24275,
            "rate": 42.54825988967131
        },
        "data_received": {
            "count": 231133123,
            "rate": 405120.9963549069
        },
        "ws_session_duration": {
            "avg": 17565.165745978567,
            "min": 292.920183,
            "med": 5898.306537,
            "max": 149734.305488,
            "p(90)": 30285.982201,
            "p(95)": 104108.56490454999
        },
        "http_req_blocked": {
            "p(95)": 0.000836,
            "avg": 0.9857907944216211,
            "min": 0.000099,
            "med": 0.000251,
            "max": 205.844594,
            "p(90)": 0.000639
        },
        "ws_sessions": {
            "count": 17261,
            "rate": 30.25439810321798
        },
        "ws_msgs_sent": {
            "count": 18842,
            "rate": 33.025512372448475
        }
    },
    "root_group": {
        "groups": {},
        "checks": {
                "GET /habits 200": {
                    "name": "GET /habits 200",
                    "path": "::GET /habits 200",
                    "id": "b360bd55774db7e4fe8bdfaf42fddbff",
                    "passes": 7380,
                    "fails": 167
                },
                "GET /groups 200": {
                    "passes": 4901,
                    "fails": 2646,
                    "name": "GET /groups 200",
                    "path": "::GET /groups 200",
                    "id": "b8c2c811bf1619c62c884de664986b68"
                },
                "WS handshake 101": {
                    "name": "WS handshake 101",
                    "path": "::WS handshake 101",
                    "id": "0927bf1059e8043c8b8e78b400229e01",
                    "passes": 1559,
                    "fails": 15169
                }
            },
        "name": "",
        "path": "",
        "id": "d41d8cd98f00b204e9800998ecf8427e"
    }
}