{
    "root_group": {
        "id": "d41d8cd98f00b204e9800998ecf8427e",
        "groups": {},
        "checks": {
                "GET /habits 200": {
                    "name": "GET /habits 200",
                    "path": "::GET /habits 200",
                    "id": "b360bd55774db7e4fe8bdfaf42fddbff",
                    "passes": 10776,
                    "fails": 0
                },
                "GET /groups 200": {
                    "name": "GET /groups 200",
                    "path": "::GET /groups 200",
                    "id": "b8c2c811bf1619c62c884de664986b68",
                    "passes": 10776,
                    "fails": 0
                },
                "WS handshake 101": {
                    "path": "::WS handshake 101",
                    "id": "0927bf1059e8043c8b8e78b400229e01",
                    "passes": 2896,
                    "fails": 1106,
                    "name": "WS handshake 101"
                }
            },
        "name": "",
        "path": ""
    },
    "metrics": {
        "http_req_connecting": {
            "avg": 0.22623546784521154,
            "min": 0,
            "med": 0,
            "max": 431.809398,
            "p(90)": 0,
            "p(95)": 0
        },
        "iterations": {
            "rate": 25.905871781305862,
            "count": 14778
        },
        "ws_session_duration": {
            "avg": 75624.95467485036,
            "min": 1408.608445,
            "med": 81065.7985185,
            "max": 139656.939924,
            "p(90)": 115390.8141901,
            "p(95)": 119399.3658665
        },
        "http_req_duration": {
            "p(95)": 954.9843695,
            "avg": 378.84234083894756,
            "min": 134.689388,
            "med": 251.03475,
            "max": 7562.469557,
            "p(90)": 782.8088208000005,
            "thresholds": {
                "p(95)<800": true,
                "p(99)<2000": false
            }
        },
        "http_req_duration{expected_response:true}": {
            "avg": 378.84234083894756,
            "min": 134.689388,
            "med": 251.03475,
            "max": 7562.469557,
            "p(90)": 782.8088208000005,
            "p(95)": 954.9843695
        },
        "http_req_waiting": {
            "min": 133.917644,
            "med": 205.0141825,
            "max": 2330.060385,
            "p(90)": 705.2276134000001,
            "p(95)": 864.8883671500001,
            "avg": 336.6350291260671
        },
        "http_req_blocked": {
            "p(95)": 0.000627,
            "avg": 0.4366046641146968,
            "min": 0.000106,
            "med": 0.000271,
            "max": 735.323708,
            "p(90)": 0.000476
        },
        "ws_msgs_sent": {
            "count": 31926,
            "rate": 55.96635962173305
        },
        "iteration_duration": {
            "avg": 21762.41986285186,
            "min": 1320.606369,
            "med": 1813.576228,
            "max": 139657.051636,
            "p(90)": 91805.7401947,
            "p(95)": 108017.85804689997
        },
        "http_req_failed": {
            "passes": 0,
            "fails": 21552,
            "thresholds": {
                "rate<0.05": false
            },
            "value": 0
        },
        "http_req_receiving": {
            "p(90)": 89.0687676,
            "p(95)": 104.87387660000005,
            "avg": 42.15026736507073,
            "min": 0.01687,
            "med": 23.027520000000003,
            "max": 6686.258671
        },
        "vus": {
            "value": 1,
            "min": 1,
            "max": 1072
        },
        "dropped_iterations": {
            "count": 25,
            "rate": 0.04382506391478187
        },
        "ws_sessions": {
            "count": 4634,
            "rate": 8.123413847243969
        },
        "ws_connecting": {
            "avg": 11092.282876019199,
            "min": 503.521792,
            "med": 2801.807714,
            "max": 33681.079613,
            "p(90)": 30220.3885892,
            "p(95)": 30266.16987295
        },
        "ws_dropped_rate": {
            "passes": 1106,
            "fails": 3528,
            "thresholds": {
                "rate<0.10": true
            },
            "value": 0.23867069486404835
        },
        "ws_connect_time": {
            "p(90)": 17737.6,
            "p(95)": 19973.949999999997,
            "avg": 5098.420634920635,
            "min": 504,
            "med": 863.5,
            "max": 27636,
            "thresholds": {
                "p(95)<2000": true
            }
        },
        "http_reqs": {
            "count": 21552,
            "rate": 37.78071109965516
        },
        "data_received": {
            "count": 2974675230,
            "rate": 5214613.283218739
        },
        "vus_max": {
            "value": 1075,
            "min": 1050,
            "max": 1075
        },
        "ws_msgs_received": {
            "count": 11118,
            "rate": 19.489882424181793
        },
        "checks": {
            "passes": 24448,
            "fails": 1106,
            "thresholds": {
                "rate>0.95": false
            },
            "value": 0.9567191046411521
        },
        "http_req_tls_handshaking": {
            "avg": 0.2073631665274685,
            "min": 0,
            "med": 0,
            "max": 331.616406,
            "p(90)": 0,
            "p(95)": 0
        },
        "http_req_sending": {
            "med": 0.047327,
            "max": 1.454437,
            "p(90)": 0.08959520000000001,
            "p(95)": 0.11942700000000005,
            "avg": 0.057044347809948125,
            "min": 0.013498
        },
        "data_sent": {
            "count": 23301169,
            "rate": 40847.00882856536
        }
    }
}