{
    "root_group": {
        "id": "d41d8cd98f00b204e9800998ecf8427e",
        "groups": {},
        "checks": {
                "GET /habits 200": {
                    "name": "GET /habits 200",
                    "path": "::GET /habits 200",
                    "id": "b360bd55774db7e4fe8bdfaf42fddbff",
                    "passes": 6554,
                    "fails": 456
                },
                "GET /groups 200": {
                    "passes": 5539,
                    "fails": 1471,
                    "name": "GET /groups 200",
                    "path": "::GET /groups 200",
                    "id": "b8c2c811bf1619c62c884de664986b68"
                },
                "WS handshake 101": {
                    "name": "WS handshake 101",
                    "path": "::WS handshake 101",
                    "id": "0927bf1059e8043c8b8e78b400229e01",
                    "passes": 1814,
                    "fails": 14928
                }
            },
        "name": "",
        "path": ""
    },
    "metrics": {
        "ws_msgs_sent": {
            "rate": 33.09988835010804,
            "count": 18888
        },
        "iteration_duration": {
            "p(95)": 93803.68973540002,
            "avg": 17386.6529625816,
            "min": 8.644444,
            "med": 7454.632751,
            "max": 146771.779052,
            "p(90)": 32846.54112190031
        },
        "ws_connect_time": {
            "p(95)": 27686.8,
            "avg": 14457.322986954567,
            "min": 399,
            "med": 13639,
            "max": 30248,
            "p(90)": 26057.999999999996,
            "thresholds": {
                "p(95)<2000": true
            }
        },
        "http_reqs": {
            "count": 14020,
            "rate": 24.569061555935765
        },
        "data_sent": {
            "count": 50278220,
            "rate": 88109.03581332958
        },
        "http_req_duration{expected_response:true}": {
            "max": 51212.925747,
            "p(90)": 10820.724461000002,
            "p(95)": 12746.252031199989,
            "avg": 4956.677809319104,
            "min": 103.7452,
            "med": 2826.403661
        },
        "http_req_waiting": {
            "med": 3552.7592434999997,
            "max": 60076.818605,
            "p(90)": 10957.854523,
            "p(95)": 13301.68686954999,
            "avg": 5376.875739487933,
            "min": 102.849713
        },
        "iterations": {
            "count": 23752,
            "rate": 41.62370542629004
        },
        "http_req_duration": {
            "avg": 6290.6579237337555,
            "min": 103.7452,
            "med": 3720.5866375,
            "max": 60076.849765,
            "p(90)": 11435.160968900002,
            "p(95)": 19170.47717959997,
            "thresholds": {
                "p(95)<800": true,
                "p(99)<2000": true
            }
        },
        "http_req_blocked": {
            "med": 0.000233,
            "max": 306.014242,
            "p(90)": 0.000453,
            "p(95)": 0.000676,
            "avg": 1.0343738182596185,
            "min": 0.000117
        },
        "checks": {
            "passes": 13907,
            "fails": 16855,
            "thresholds": {
                "rate>0.95": true
            },
            "value": 0.45208373967882454
        },
        "http_req_receiving": {
            "avg": 913.7159544271002,
            "min": 0,
            "med": 1.3655565,
            "max": 57745.787549,
            "p(90)": 59.133485,
            "p(95)": 934.4807750499975
        },
        "vus": {
            "min": 3,
            "max": 1200,
            "value": 3
        },
        "vus_max": {
            "value": 1200,
            "min": 1050,
            "max": 1200
        },
        "ws_sessions": {
            "count": 17151,
            "rate": 30.05591831282841
        },
        "ws_connecting": {
            "p(90)": 30139.497577,
            "p(95)": 30174.227976000002,
            "avg": 9597.75701080282,
            "min": 8.487478,
            "med": 5481.270199,
            "max": 30329.05495
        },
        "dropped_iterations": {
            "rate": 6.643460225289051,
            "count": 3791
        },
        "http_req_sending": {
            "avg": 0.06622981868758954,
            "min": 0.008801,
            "med": 0.056522,
            "max": 1.368124,
            "p(90)": 0.1089847,
            "p(95)": 0.13447049999999977
        },
        "http_req_connecting": {
            "avg": 0.4761086169044223,
            "min": 0,
            "med": 0,
            "max": 59.574384,
            "p(90)": 0,
            "p(95)": 0
        },
        "http_req_tls_handshaking": {
            "med": 0,
            "max": 272.575122,
            "p(90)": 0,
            "p(95)": 0,
            "avg": 0.5520425369472183,
            "min": 0
        },
        "http_req_failed": {
            "passes": 1927,
            "fails": 12093,
            "thresholds": {
                "rate<0.05": true
            },
            "value": 0.13744650499286734
        },
        "data_received": {
            "count": 367209634,
            "rate": 643508.994413598
        },
        "ws_session_duration": {
            "avg": 18984.086162968055,
            "min": 8.560817,
            "med": 5572.1148754999995,
            "max": 146771.657922,
            "p(90)": 75577.80151849997,
            "p(95)": 105484.44225599998
        },
        "ws_dropped_rate": {
            "passes": 15132,
            "fails": 2223,
            "thresholds": {
                "rate<0.10": true
            },
            "value": 0.8719101123595505
        },
        "ws_msgs_received": {
            "count": 5744,
            "rate": 10.065955034043869
        }
    }
}